Feature name,Standard gene name,mRNA half-life
YAL059W,ECM1,8.0
YAL038W,CDC19,18.0
YAL036C,RBG1,12.0
YAL035W,FUN12,19.0
YAL025C,MAK16,10.0
YAL003W,EFB1,14.0
YAR073W,IMD1,18.0
YAR075W,-,17.0
YJL208C,NUC1,12.0
YJL198W,PHO90,10.0
YJL191W,RPS14B,20.0
YJL190C,RPS22A,12.0
YJL189W,RPL39,14.0
YJL188C,BUD19,15.0
YJL183W,MNN11,13.0
YJL177W,RPL17B,12.0
YJL148W,RPA34,11.0
YJL138C,TIF2,14.0
YJL136C,RPS21B,13.0
YJL125C,GCD14,11.0
YJL122W,ALB1,8.0
YJL109C,UTP10,11.0
YJL080C,SCP160,11.0
YJL069C,UTP18,10.0
YJL050W,MTR4,9.0
YJL033W,HCA4,8.0
YJL014W,CCT3,13.0
YJL002C,OST1,19.0
YJR002W,MPP10,10.0
YJR003C,MRX12,14.0
YJR007W,SUI2,13.0
YJR014W,TMA22,16.0
YJR041C,URB2,14.0
YJR043C,POL32,12.0
YJR063W,RPA12,8.0
YJR064W,CCT5,15.0
YJR071W,-,15.0
YJR070C,LIA1,9.0
YJR123W,RPS5,10.0
YJR124C,-,10.0
YJR143C,PMT4,10.0
YJR145C,RPS4A,12.0
YKL205W,LOS1,13.0
YKL181W,PRS1,13.0
YKL180W,RPL17A,11.0
YKL172W,EBP2,11.0
YKL156W,RPS27A,14.0
YKL154W,SRP102,10.0
YKL144C,RPC25,12.0
YKL143W,LTV1,15.0
YKL122C,SRP21,12.0
YKL110C,KTI12,16.0
YKL099C,UTP11,10.0
YKL082C,RRP14,13.0
YKL081W,TEF4,10.0
YKL080W,VMA5,17.0
YKL078W,DHR2,14.0
YKL056C,TMA19,15.0
YKL021C,MAK11,11.0
YKL009W,MRT4,14.0
YKL006W,RPL14A,12.0
YKR024C,DBP7,14.0
YKR025W,RPC37,12.0
YKR026C,GCN3,14.0
YKR043C,SHB17,17.0
YKR056W,TRM2,16.0
YKR057W,RPS21A,15.0
YKR059W,TIF1,14.0
YKR060W,UTP30,13.0
YKR079C,TRZ1,12.0
YKR081C,RPF2,11.0
YKR092C,SRP40,11.0
YKR094C,RPL40B,11.5
YLL045C,RPL8B,13.0
YLL038C,ENT4,13.0
YLL036C,PRP19,14.0
YLL035W,GRC3,16.0
YLL034C,RIX7,10.0
YLL011W,SOF1,11.0
YLL008W,DRS1,10.0
YLR002C,NOC3,10.0
YLR003C,CMS1,10.0
YLR009W,RLP24,10.0
YLR017W,MEU1,12.0
YLR029C,RPL15A,13.0
YLR044C,PDC1,16.0
YLR048W,RPS0B,11.0
YLR051C,FCF2,11.0
YLR060W,FRS1,19.0
YLR061W,RPL22A,14.0
YLR063W,BMT6,12.0
YLR065C,ENV10,12.0
YLR073C,RFU1,9.0
YLR074C,BUD20,12.0
YLR075W,RPL10,17.0
YLR076C,-,14.0
YLR083C,EMP70,11.0
YLR129W,DIP2,10.0
YLR134W,PDC5,16.0
YLR146C,SPE4,24.0
YLR150W,STM1,15.0
YLR167W,RPS31,15.0
YLR172C,DPH5,14.0
YLR175W,CBF5,13.0
YLR183C,TOS4,14.0
YLR185W,RPL37A,14.0
YLR186W,EMG1,15.0
YLR196W,PWP1,12.0
YLR197W,NOP56,12.0
YLR198C,-,12.0
YLR221C,RSA3,11.0
YLR222C,UTP13,12.0
YLR243W,GPN3,11.0
YLR249W,YEF3,11.0
YLR264W,RPS28B,14.0
YLR276C,DBP9,11.0
YLR291C,GCD7,15.0
YLR293C,GSP1,18.0
YLR325C,RPL38,20.0
YLR333C,RPS25B,12.0
YLR336C,SGD1,12.0
YLR340W,RPP0,16.0
YLR339C,-,29.0
YLR344W,RPL26A,11.0
YLR367W,RPS22B,28.8
YLR372W,ELO3,12.0
YLR388W,RPS29A,14.0
YLR397C,AFG2,13.0
YLR401C,DUS3,12.0
YLR405W,DUS4,14.0
YLR409C,UTP21,9.0
YLR412W,BER1,19.0
YLR413W,INA1,8.0
YLR432W,IMD3,9.0
YLR433C,CNA1,13.0
YLR435W,TSR2,10.0
YLR441C,RPS1A,12.5
YLR447C,VMA6,17.0
YLR448W,RPL6B,12.0
YLR449W,FPR4,13.0
YML106W,URA5,15.0
YML093W,UTP14,10.0
YML082W,-,12.0
YML080W,DUS1,11.0
YML073C,RPL6A,13.0
YML063W,RPS1B,11.0
YML060W,OGG1,11.0
YML056C,IMD4,11.0
YML043C,RRN11,16.0
YML026C,RPS18B,9.0
YML024W,RPS17A,12.0
YML022W,APT1,9.0
YML018C,-,12.0
YMR014W,BUD22,14.0
YMR049C,ERB1,11.0
YMR079W,SEC14,14.0
YMR093W,UTP15,16.0
YMR116C,ASC1,13.0
YMR121C,RPL15B,23.0
YMR128W,ECM16,13.0
YMR131C,RRB1,10.0
YMR142C,RPL13B,12.0
YMR143W,RPS16A,11.0
YMR146C,TIF34,13.0
YMR194W,RPL36A,14.0
YMR212C,EFR3,17.0
YMR215W,GAS3,19.0
YMR217W,GUA1,12.0
YMR229C,RRP5,11.0
YMR230W,RPS10B,13.0
YMR234W,RNH1,14.0
YMR235C,RNA1,15.0
YMR239C,RNT1,9.0
YMR242C,RPL20A,12.0
YMR243C,ZRC1,13.0
YMR269W,TMA23,11.0
YMR277W,FCP1,10.0
YMR290C,HAS1,9.0
YMR308C,PSE1,14.0
YMR309C,NIP1,13.0
YMR310C,-,10.0
YMR321C,-,10.0
YNL313C,EMW1,17.0
YNL308C,KRI1,13.0
YNL303W,-,10.0
YNL302C,RPS19B,13.0
YNL301C,RPL18B,13.0
YNL299W,TRF5,11.0
YNL292W,PUS4,11.0
YNL256W,FOL1,12.0
YNL255C,GIS2,15.0
YNL248C,RPA49,10.0
YNL247W,-,14.0
YNL228W,-,52.0
YNL227C,JJJ1,12.0
YNL209W,SSB2,13.0
YNL186W,UBP10,9.0
YNL182C,IPI3,8.0
YNL178W,RPS3,14.0
YNL174W,-,15.0
YNL175C,NOP13,10.0
YNL163C,RIA1,14.0
YNL162W,RPL42A,12.0
YNL153C,GIM3,11.0
YNL151C,RPC31,10.0
YNL141W,AAH1,6.0
YNL132W,KRE33,10.0
YNL124W,NAF1,13.0
YNL119W,NCS2,13.0
YNL113W,RPC19,12.0
YNL114C,-,20.0
YNL110C,NOP15,12.0
YNL102W,POL1,10.0
YNL096C,RPS7B,10.5
YNL075W,IMP4,10.0
YNL069C,RPL16B,13.0
YNL067W,RPL9B,13.0
YNL066W,SUN4,8.0
YNL062C,GCD10,10.0
YNL061W,NOP2,12.0
YNL022C,RCM1,12.0
YNL010W,-,12.0
YNL002C,RLP7,10.0
YNL001W,DOM34,13.0
YNR003C,RPC34,7.0
YNR009W,NRM1,10.0
YNR024W,MPP6,12.0
YNR043W,MVD1,12.0
YNR053C,NOG2,11.0
YNR054C,ESF2,11.0
YOL127W,RPL25,13.0
YOL124C,TRM11,12.0
YOL121C,RPS19A,13.0
YOL120C,RPL18A,13.0
YOL097C,WRS1,13.0
YOL077C,BRX1,12.0
YOL041C,NOP12,14.0
YOL040C,RPS15,12.0
YOL039W,RPP2A,12.0
YOL022C,TSR4,10.0
YOR001W,RRP6,12.0
YOR004W,UTP23,8.0
YOR021C,SFM1,12.0
YOR063W,RPL3,14.0
YOR095C,RKI1,6.0
YOR096W,RPS7A,11.5
YOR146W,-,21.0
YOR145C,PNO1,10.0
YOR167C,RPS28A,15.5
YOR168W,GLN4,13.0
YOR169C,-,16.0
YOR182C,RPS30B,16.0
YOR188W,MSB1,10.0
YOR206W,NOC2,11.0
YOR209C,NPT1,16.0
YOR210W,RPB10,16.0
YOR217W,RFC1,14.0
YOR224C,RPB8,11.0
YOR233W,KIN4,10.0
YOR234C,RPL33B,12.5
YOR243C,PUS7,10.0
YOR252W,TMA16,11.0
YOR253W,NAT5,11.0
YOR260W,GCD1,15.0
YOR271C,FSF1,10.0
YOR272W,YTM1,9.0
YOR276W,CAF20,16.0
YOR287C,RRP36,9.0
YOR293W,RPS10A,12.0
YOR294W,RRS1,11.0
YOR309C,-,14.0
YOR310C,NOP58,14.0
YOR312C,RPL20B,13.0
YOR361C,PRT1,16.0
YOR369C,RPS12,14.0
YPL273W,SAM4,9.0
YPL266W,DIM1,10.0
YPL263C,KEL3,12.0
YPL245W,-,15.0
YPL237W,SUI3,21.0
YPL238C,-,23.0
YPL235W,RVB2,20.0
YPL226W,NEW1,18.0
YPL220W,RPL1A,16.0
YPL217C,BMS1,10.0
YPL212C,PUS1,15.0
YPL211W,NIP7,10.0
YPL207W,TYW1,12.0
YPL198W,RPL7B,16.5
YPL183C,RTT10,8.0
YPL160W,CDC60,12.0
YPL146C,NOP53,13.0
YPL143W,RPL33A,15.0
YPL142C,-,18.0
YPL090C,RPS6A,12.0
YPL086C,ELP3,9.0
YPL081W,RPS9A,14.0
YPL079W,RPL21B,16.0
YPL043W,NOP4,13.0
YPL037C,EGD1,15.0
YPR010C,RPA135,9.0
YPR016C,TIF6,13.0
YPR033C,HTS1,15.0
YPR034W,ARP7,15.0
YPR043W,RPL43A,17.0
YPR044C,OPI11,16.0
YPR060C,ARO7,16.0
YPR074C,TKL1,12.0
YPR080W,TEF1,17.0
YPR102C,RPL11A,13.0
YPR110C,RPC40,12.0
YPR112C,MRD1,8.0
YPR118W,MRI1,12.0
YPR132W,RPS23B,13.0
YPR137W,RRP9,13.0
YPR143W,RRP15,13.0
YPR142C,-,26.0
YPR144C,NOC4,12.0
YPR145W,ASN1,13.0
YPR163C,TIF3,13.0
YPR169W,JIP5,14.0
YPR187W,RPO26,13.0
YPR190C,RPC82,13.0
YBL092W,RPL32,13.0
YBL087C,RPL23A,14.0
YBL077W,-,33.0
YBL072C,RPS8A,12.0
YBL068W,PRS4,14.0
YBL054W,TOD6,12.0
YBL039C,URA7,11.0
YBL028C,-,10.0
YBL027W,RPL19B,14.5
YBL024W,NCL1,10.0
YBR025C,OLA1,17.0
YBR030W,RKM3,34.0
YBR031W,RPL4A,15.0
YBR034C,HMT1,14.0
YBR048W,RPS11B,16.0
YBR061C,TRM7,11.0
YBR079C,RPG1,14.0
YBR084W,MIS1,11.0
YBR089W,-,11.0
YBR106W,PHO88,15.0
YBR118W,TEF2,20.0
YBR121C,GRS1,15.0
YBR142W,MAK5,13.0
YBR143C,SUP45,12.0
YBR154C,RPB5,13.0
YBR155W,CNS1,9.0
YBR181C,RPS6B,14.0
YBR189W,RPS9B,12.0
YBR191W,RPL21A,12.0
YBR238C,-,12.0
YBR246W,RRT2,18.0
YBR247C,ENP1,10.0
YBR249C,ARO4,13.0
YBR252W,DUT1,13.0
YBR267W,REI1,9.0
YBR283C,SSH1,19.0
YCL059C,KRR1,12.0
YCL054W,SPB1,20.0
YCL045C,EMC1,31.0
YCL037C,SRO9,15.0
YCL031C,RRP7,29.0
YCR016W,-,12.0
YCR031C,RPS14A,18.0
YCR034W,ELO2,14.0
YCR035C,RRP43,20.0
YCR053W,THR4,34.0
YCR057C,PWP2,15.0
YCR072C,RSA4,14.0
YDL201W,TRM8,10.0
YDL191W,RPL35A,14.0
YDL167C,NRP1,11.0
YDL153C,SAS10,10.0
YDL150W,RPC53,10.0
YDL143W,CCT4,17.0
YDL136W,RPL35B,14.0
YDL111C,RRP42,19.0
YDL084W,SUB2,19.0
YDL083C,RPS16B,11.0
YDL082W,RPL13A,12.0
YDL081C,RPP1A,15.0
YDL075W,RPL31A,16.0
YDL062W,-,23.0
YDL063C,SYO1,12.0
YDL061C,RPS29B,15.0
YDL060W,TSR1,8.0
YDL051W,LHP1,11.0
YDL050C,-,11.0
YDL031W,DBP10,13.0
YDR012W,RPL4B,14.8
YDR023W,SES1,13.0
YDR025W,RPS11A,12.3
YDR037W,KRS1,16.0
YDR064W,RPS13,12.0
YDR083W,RRP8,10.0
YDR087C,RRP1,10.0
YDR091C,RLI1,13.0
YDR097C,MSH6,11.0
YDR101C,ARX1,9.0
YDR120C,TRM1,9.0
YDR152W,GIR2,23.0
YDR161W,ACL4,11.0
YDR165W,TRM82,11.0
YDR172W,SUP35,17.0
YDR184C,ATC1,19.0
YDR190C,RVB1,16.0
YDR211W,GCD6,15.0
YDR233C,RTN1,11.0
YDR280W,RRP45,12.0
YDR300C,PRO1,14.0
YDR312W,SSF2,12.0
YDR321W,ASP1,10.0
YDR324C,UTP4,10.0
YDR339C,FCF1,15.0
YDR341C,-,11.0
YDR346C,SVF1,13.0
YDR361C,BCP1,9.0
YDR365C,ESF1,10.0
YDR382W,RPP2B,16.0
YDR385W,EFT2,13.0
YDR398W,UTP5,11.0
YDR412W,RRP17,11.0
YDR418W,RPL12B,11.0
YDR429C,TIF35,14.0
YDR440W,DOT1,9.0
YDR447C,RPS17B,15.0
YDR449C,UTP6,15.0
YDR450W,RPS18A,13.0
YDR454C,GUK1,19.0
YDR465C,RMT2,10.0
YDR471W,RPL27B,10.0
YDR496C,PUF6,12.0
YDR500C,RPL37B,18.0
YEL054C,RPL12A,12.0
YEL042W,GDA1,10.0
YEL040W,UTR2,12.0
YEL026W,SNU13,15.0
YER006W,NUG1,13.0
YER009W,NTF2,19.0
YER025W,GCD11,12.0
YER036C,ARB1,14.0
YER043C,SAH1,14.0
YER049W,TPA1,12.0
YER070W,RNR1,8.0
YER074W,RPS24A,14.0
YER082C,UTP7,15.0
YER102W,RPS8B,11.0
YER110C,KAP123,13.0
YER117W,RPL23B,14.0
YER118C,SHO1,11.0
YER126C,NSA2,10.0
YER127W,LCP5,9.0
YER131W,RPS26B,8.0
YER165W,PAB1,14.0
YFL045C,SEC53,13.0
YFL023W,BUD27,12.0
YFL022C,FRS2,14.0
YFL002C,SPB4,12.0
YFR001W,LOC1,11.0
YGL225W,VRG4,14.0
YGL213C,SKI8,14.0
YGL189C,RPS26A,14.0
YGL171W,ROK1,9.0
YGL169W,SUA5,14.0
YGL148W,ARO2,11.0
YGL147C,RPL9A,11.0
YGL135W,RPL1B,16.0
YGL123W,RPS2,12.0
YGL120C,PRP43,11.0
YGL111W,NSA1,13.0
YGL103W,RPL28,15.0
YGL099W,LSG1,11.0
YGL097W,SRM1,12.0
YGL078C,DBP3,9.0
YGL076C,RPL7A,14.0
YGL070C,RPB9,20.0
YGL031C,RPL24A,11.0
YGL030W,RPL30,15.0
YGL029W,CGR1,10.0
YGL008C,PMA1,17.0
YGR027C,RPS25A,17.0
YGR034W,RPL26B,14.0
YGR054W,-,15.0
YGR078C,PAC10,11.0
YGR081C,SLX9,11.0
YGR083C,GCD2,14.0
YGR085C,RPL11B,12.5
YGR094W,VAS1,12.0
YGR103W,NOP7,9.0
YGR118W,RPS23A,11.5
YGR123C,PPT1,10.0
YGR124W,ASN2,13.0
YGR128C,UTP8,8.0
YGR145W,ENP2,8.0
YGR148C,RPL24B,13.0
YGR151C,-,13.5
YGR152C,RSR1,12.0
YGR158C,MTR3,16.0
YGR162W,TIF4631,12.0
YGR173W,RBG2,15.0
YGR185C,TYS1,26.0
YGR187C,HGH1,8.0
YGR195W,SKI6,16.0
YGR200C,ELP2,10.0
YGR214W,RPS0A,11.5
YGR228W,-,14.0
YGR229C,SMI1,13.0
YGR245C,SDA1,9.0
YGR251W,NOP19,10.0
YGR264C,MES1,16.0
YGR280C,PXR1,8.0
YGR283C,-,12.0
YGR285C,ZUO1,21.0
YHL039W,EFM1,12.0
YHL033C,RPL8A,15.0
YHL013C,OTU2,10.0
YHL011C,PRS3,13.0
YHL001W,RPL14B,14.0
YHR010W,RPL27A,15.0
YHR013C,ARD1,9.0
YHR019C,DED81,15.0
YHR020W,-,12.0
YHR021C,RPS27B,13.0
YHR025W,THR1,16.0
YHR026W,VMA16,19.0
YHR042W,NCP1,13.0
YHR052W,CIC1,10.0
YHR064C,SSZ1,19.0
YHR065C,RRP3,20.0
YHR066W,SSF1,9.0
YHR068W,DYS1,15.0
YHR088W,RPF1,12.0
YHR089C,GAR1,10.0
YHR128W,FUR1,12.0
YHR133C,NSG1,11.0
YHR141C,RPL42B,13.0
YHR144C,DCD1,9.0
YHR148W,IMP3,10.0
YHR169W,DBP8,10.0
YHR170W,NMD3,11.0
YHR193C,EGD2,17.0
YHR196W,UTP9,12.0
YHR197W,RIX1,12.0
YHR203C,RPS4B,12.0
YHR216W,IMD2,32.0
YIL148W,RPL40A,13.5
YIL133C,RPL16A,8.0
YIL127C,RRT14,11.0
YIL110W,HPM1,12.0
YIL104C,SHQ1,12.0
YIL096C,BMT5,9.0
YIL079C,AIR1,10.0
YIL078W,THS1,16.0
YIL052C,RPL34B,14.0
YIL021W,RPB3,18.0
YIL020C,HIS6,14.0
YIL019W,FAF1,10.0
YIL018W,RPL2B,12.0
YIR012W,SQT1,13.0
YIR026C,YVH1,9.0
